{
  "n_pairs": 33160,
  "n_users": 5000,
  "threshold": 0.6,
  "hit_rate_at_threshold": 0.4488841978287093,
  "hit_rate_at_50": 0.5476477683956574,
  "hit_rate_at_70": 0.33712303980699637,
  "hit_rate_at_80": 0.23115199034981906,
  "median_similarity": 0.5485436022281647,
  "mean_similarity": 0.5246051050727444,
  "p10_similarity": 0.0838890716433525,
  "p25_similarity": 0.2713105380535126,
  "p75_similarity": 0.7817452102899551,
  "p90_similarity": 0.9375386118888855,
  "random_baseline_median": 0.07214632630348206,
  "lift_over_random": 0.4763972759246826,
  "n_high_sim_pairs": 100,
  "similarity_histogram": {
    "counts": [
      1226,
      1303,
      1366,
      1288,
      1334,
      1361,
      1464,
      1467,
      1485,
      1497,
      1621,
      1654,
      1858,
      1848,
      1833,
      1681,
      1642,
      1600,
      1466,
      2421
    ],
    "bin_edges": [
      0.0,
      0.05,
      0.1,
      0.15000000000000002,
      0.2,
      0.25,
      0.30000000000000004,
      0.35000000000000003,
      0.4,
      0.45,
      0.5,
      0.55,
      0.6000000000000001,
      0.65,
      0.7000000000000001,
      0.75,
      0.8,
      0.8500000000000001,
      0.9,
      0.9500000000000001,
      1.0
    ]
  }
}